<?xml version="1.0" encoding="UTF-8" ?>
<!DOCTYPE tiles-definitions PUBLIC
       "-//Apache Software Foundation//DTD Tiles Configuration 3.0//EN"
       "http://tiles.apache.org/dtds/tiles-config_3_0.dtd">
<tiles-definitions>

	<!-- Templates -->
	<definition name="layout.basic" template="/jsp/common/basic.jsp">
		<put-attribute name="header" value="/jsp/common/header.jsp" />
		<put-attribute name="body" value="" />
		<put-attribute name="footer" value="" />
		<put-list-attribute name="stylesheets">	
			<add-attribute value="/resources/css/frame/bootstrap.min.css" />
			<add-attribute value="/resources/css/frame/font-awesome.min.css" />
			<add-attribute value="/resources/css/frame/ionicons.min.css" />
			<add-attribute value="/resources/plugins/design/material.min.css" />
			<add-attribute value="/resources/css/app/style.css" />
		</put-list-attribute>
		<put-list-attribute name="scripts">
			<add-attribute value="/resources/plugins/jquery-2.2.3.min.js" />
			<add-attribute value="/resources/plugins/bootstrap.min.js" />
		</put-list-attribute>
	</definition>

	<definition name="public.*" extends="layout.basic">
		<put-attribute name="header" value="" />
		<put-attribute name="body" value="/jsp/public.{1}.jsp" />
		<put-attribute name="footer" value="" />
	</definition>
</tiles-definitions>