<?xml version="1.0" encoding="UTF-8"?>
<Configuration monitorInterval="60">
	<Properties>
		<Property name="path">logs</Property>
		<Property name="filename">vietspider-service</Property>
	</Properties>
	<Appenders>
		<Console name="${log4j2.appender.stdout}" target="SYSTEM_OUT">
			<PatternLayout
				pattern="[%-5level] %d{yyyy-MM-dd HH:mm:ss.SSS} [%t] %c{1}.%M(%L) - %msg%n" />
		</Console>
		<RollingFile name="${log4j2.appender.daily}" fileName="${path}/${filename}.log"
			filePattern="${path}/${filename}-%d{yyyy-MM-dd}.log">
			<PatternLayout
				pattern="[%-5level] %d{yyyy-MM-dd HH:mm:ss.SSS} [%t] %c{1}.%M(%L) - %msg%n" />
			<Policies>
				<TimeBasedTriggeringPolicy interval="1"
					modulate="true" />
			</Policies>
		</RollingFile>
	</Appenders>
	<Loggers>
		<Logger name="com.vietspider" level="debug" additivity="false">
			<appender-ref ref="${log4j2.appender}" />
		</Logger>
		<Logger name="org.springframework.data" level="debug"
			additivity="false">
			<appender-ref ref="${log4j2.appender}" />
		</Logger>
		<Root level="${log4j2.root.level}" additivity="false">
			<appender-ref ref="${log4j2.appender}" />
		</Root>
	</Loggers>
</Configuration>